,City,Latitude,Longitude,Max Temperature,Humidity,Cloudiness,Wind Speed,Country,Date
0,Qaanaaq,77.484,-69.3632,13.55,70,97,8.88,GL,1638701721
1,Port Alfred,-33.5906,26.891,72.61,87,100,23.47,ZA,1638701721
2,Tazovsky,67.4667,78.7,-26.66,99,74,8.03,RU,1638701721
3,Vaxjo,56.8777,14.8091,28.45,86,90,13.8,SE,1638701721
4,Luanda,-8.8368,13.2343,82.4,78,75,4.61,AO,1638701701
5,Beringovskiy,63.05,179.3167,25.83,95,100,11.81,RU,1638701721
6,Kaitangata,-46.2817,169.8464,46.17,85,99,6.51,NZ,1638701722
7,Chokurdakh,70.6333,147.9167,-42.29,100,57,4.16,RU,1638701722
8,Arraial do Cabo,-22.9661,-42.0278,76.96,73,0,10.36,BR,1638701722
9,Gongzhuling,43.5008,124.8198,36.63,77,5,19.82,CN,1638701722
10,Avarua,-21.2078,-159.775,78.85,89,75,4.61,CK,1638701722
11,Butaritari,3.0707,172.7902,82.33,81,88,13.44,KI,1638701722
12,Yaring,6.8662,101.3689,80.64,73,77,7.76,TH,1638701722
13,Thompson,55.7435,-97.8558,-18.24,76,75,3.44,CA,1638701722
14,Cape Town,-33.9258,18.4232,69.12,69,75,17.27,ZA,1638701560
15,Chizhou,30.6578,117.4831,52.57,40,0,3.15,CN,1638701723
16,Dalvik,65.9702,-18.5286,30.13,69,99,13.69,IS,1638701723
17,Hong Kong,22.2855,114.1577,69.85,48,78,1.01,HK,1638701723
18,Palmer,42.1584,-72.3287,34.93,82,90,0.0,US,1638701723
19,Saint Anthony,45.0205,-93.218,30.29,83,90,5.01,US,1638701723
20,Aksarayskiy,46.7924,48.0119,48.15,86,100,11.59,RU,1638701723
21,Severo-Kuril'sk,50.6789,156.125,28.26,68,88,24.32,RU,1638701723
22,Moirāng,24.5,93.7667,71.65,91,100,3.22,IN,1638701723
23,Hobart,-42.8794,147.3294,57.11,76,0,9.22,AU,1638701724
24,Ushuaia,-54.8,-68.3,44.26,76,90,21.85,AR,1638701724
25,Yellowknife,62.456,-114.3525,-21.48,76,40,6.91,CA,1638701724
26,Cidreira,-30.1811,-50.2056,72.1,81,74,11.34,BR,1638701724
27,Bethel,41.3712,-73.414,39.56,61,100,3.36,US,1638701724
28,Barrow,71.2906,-156.7887,2.1,93,58,11.03,US,1638701639
29,Albany,42.6001,-73.9662,34.75,80,95,5.99,US,1638701724
30,Rikitea,-23.1203,-134.9692,74.97,79,97,7.16,PF,1638701725
31,Bud,39.447,-86.1758,35.85,67,74,7.72,US,1638701725
32,Hilo,19.7297,-155.09,71.26,98,92,1.01,US,1638701725
33,Codrington,-38.2667,141.9667,53.04,73,0,11.63,AU,1638701725
34,Katiola,8.1333,-5.1,77.63,28,50,2.93,CI,1638701725
35,Salalah,17.0151,54.0924,83.66,34,0,8.37,OM,1638701726
36,Pampa,35.5362,-100.9599,43.57,65,1,12.66,US,1638701726
37,Ratnagiri,16.9833,73.3,79.7,69,1,6.29,IN,1638701726
38,Carnarvon,-24.8667,113.6333,82.47,65,1,13.8,AU,1638701726
39,Jamestown,42.097,-79.2353,32.52,83,20,1.99,US,1638701726
40,Mataura,-46.1927,168.8643,48.47,98,100,1.32,NZ,1638701726
41,Lagoa,39.05,-27.9833,62.82,76,68,13.09,PT,1638701726
42,Boueni,-12.9025,45.0761,89.58,71,64,6.55,YT,1638701727
43,Adelaide,-34.9333,138.6,67.42,61,0,4.0,AU,1638701727
44,Ballitoville,-29.539,31.2144,83.17,78,20,9.22,ZA,1638701579
45,Mar del Plata,-38.0023,-57.5575,62.62,85,75,1.99,AR,1638701727
46,Maryville,35.7565,-83.9705,52.86,95,16,1.01,US,1638701727
47,Cabedelo,-6.9811,-34.8339,83.07,70,28,15.97,BR,1638701727
48,Longyearbyen,78.2186,15.6401,-0.87,96,89,0.94,SJ,1638701727
49,Kokopo,-4.352,152.2633,76.08,94,100,5.77,PG,1638701727
50,Busselton,-33.65,115.3333,73.09,53,30,20.51,AU,1638701728
51,Shihezi,44.3,86.0333,28.8,82,88,2.48,CN,1638701728
52,Airai,-8.9266,125.4092,63.54,94,100,1.52,TL,1638701728
53,Lüderitz,-26.6481,15.1594,69.8,59,0,15.73,NA,1638701728
54,Saint-Philippe,-21.3585,55.7679,85.59,70,5,11.52,RE,1638701728
55,Hermanus,-34.4187,19.2345,68.9,83,96,11.63,ZA,1638701728
56,East London,-33.0153,27.9116,70.74,100,90,13.8,ZA,1638701728
57,Esperance,-33.8667,121.9,67.84,80,19,16.08,AU,1638701728
58,Yasothon,15.75,104.1333,77.13,61,74,11.03,TH,1638701728
59,Mossamedes,-15.1961,12.1522,79.57,59,62,9.01,AO,1638701729
60,Lebu,-37.6167,-73.65,56.17,67,2,12.68,CL,1638701729
61,Bonavista,48.6499,-53.1147,29.12,58,29,16.89,CA,1638701729
62,Gorontalo,0.5412,123.0595,77.74,91,97,4.03,ID,1638701729
63,Umluj,25.0213,37.2685,81.61,61,3,17.07,SA,1638701729
64,Deer Lake,49.1667,-57.4316,22.86,93,75,5.75,CA,1638701729
65,Clyde River,70.4692,-68.5914,10.63,85,100,41.43,CA,1638701729
66,Conceição da Barra,-18.5933,-39.7322,78.39,76,23,0.43,BR,1638701729
67,Lüshunkou,38.8,121.2667,50.22,96,0,15.95,CN,1638701730
68,Basco,20.4487,121.9702,75.24,65,95,21.9,PH,1638701730
69,Bredasdorp,-34.5322,20.0403,65.28,81,99,9.57,ZA,1638701730
70,Nikolskoye,59.7035,30.7861,12.4,91,54,6.15,RU,1638701730
71,Puerto Ayora,-0.7393,-90.3518,67.78,94,50,6.17,EC,1638701633
72,Baní,18.2833,-70.3333,75.85,77,9,9.48,DO,1638701731
73,Bengkulu,-3.8004,102.2655,78.01,85,100,8.57,ID,1638701575
74,Tuktoyaktuk,69.4541,-133.0374,-20.02,87,22,7.0,CA,1638701731
75,Mocuba,-16.8392,36.9856,105.3,16,0,7.72,MZ,1638701731
76,Portland,45.5234,-122.6762,41.05,93,58,3.0,US,1638701731
77,Kapaa,22.0752,-159.319,67.64,78,78,11.07,US,1638701731
78,Pevek,69.7008,170.3133,-20.4,94,96,2.62,RU,1638701731
79,Avera,33.194,-82.5271,50.72,94,2,0.58,US,1638701731
80,Labuhan,-6.8844,112.2051,82.26,77,100,12.48,ID,1638701732
81,Tuatapere,-46.1333,167.6833,48.81,85,99,4.54,NZ,1638701732
82,Krasnosel'kup,65.7,82.4667,-37.07,100,36,2.98,RU,1638701732
83,Kumul,42.8,93.45,32.47,46,61,6.31,CN,1638701732
84,San Ramon,37.7799,-121.978,51.89,93,21,1.01,US,1638701732
85,Changchun,43.88,125.3228,37.36,78,6,17.49,CN,1638701732
86,New Norfolk,-42.7826,147.0587,56.75,90,19,2.98,AU,1638701732
87,Pangnirtung,66.1451,-65.7125,17.1,96,100,5.37,CA,1638701732
88,Chui,-33.6971,-53.4616,68.9,75,36,4.97,UY,1638701733
89,Kruisfontein,-34.0033,24.7314,72.88,66,100,2.95,ZA,1638701733
90,George Town,5.4112,100.3354,85.98,64,20,8.99,MY,1638701733
91,São Filipe,14.8961,-24.4956,76.64,70,100,9.33,CV,1638701733
92,Punta Arenas,-53.15,-70.9167,48.31,66,75,16.11,CL,1638701704
93,Pisco,-13.7,-76.2167,64.45,88,75,9.22,PE,1638701733
94,Mataram,-8.5833,116.1167,77.81,89,100,5.97,ID,1638701733
95,São Félix do Xingu,-6.6447,-51.995,74.64,96,100,1.07,BR,1638701733
96,Bhatkal,13.9667,74.5667,82.35,71,6,12.46,IN,1638701734
97,Opunake,-39.4556,173.8583,67.33,84,100,18.23,NZ,1638701734
98,Taoudenni,22.6783,-3.9836,65.95,18,71,13.58,ML,1638701734
99,Dikson,73.5069,80.5464,5.23,95,100,17.81,RU,1638701734
100,Podgorenskiy,50.405,39.6429,35.15,57,78,10.94,RU,1638701734
101,Bambous Virieux,-20.3428,57.7575,84.45,65,40,11.5,MU,1638701734
102,Provideniya,64.3833,-173.3,32.97,98,100,15.28,RU,1638701734
103,Havelock,34.8791,-76.9013,53.96,92,100,5.99,US,1638701734
104,Kirakira,-10.4544,161.9205,80.24,82,95,3.65,SB,1638701735
105,Dunedin,-45.8742,170.5036,49.01,81,100,11.36,NZ,1638701735
106,Pāsighāt,28.0667,95.3333,68.88,62,8,3.11,IN,1638701735
107,Camacha,33.0833,-16.3333,63.82,72,40,11.5,PT,1638701735
108,Alyangula,-13.8483,136.4192,80.47,83,67,3.44,AU,1638701735
109,Manutuke,-38.6833,177.9167,67.98,83,68,5.66,NZ,1638701735
110,Puri,19.8,85.85,72.37,93,100,21.52,IN,1638701735
111,Paamiut,61.994,-49.6678,28.2,79,100,16.87,GL,1638701735
112,Viedma,-40.8135,-62.9967,62.28,50,0,13.31,AR,1638701736
113,La Ronge,55.1001,-105.2842,-3.75,77,90,10.36,CA,1638701736
114,Atuona,-9.8,-139.0333,78.4,74,6,16.84,PF,1638701736
115,Ovalle,-30.5983,-71.2003,66.69,61,9,2.35,CL,1638701736
116,Ilulissat,69.2167,-51.1,34.0,46,98,21.23,GL,1638701737
117,Mahébourg,-20.4081,57.7,84.49,65,40,11.5,MU,1638701737
118,Carlsbad,33.1581,-117.3506,59.81,89,21,1.99,US,1638701737
119,Vaini,-21.2,-175.2,78.96,83,75,10.36,TO,1638701737
120,San Quintín,30.4833,-115.95,57.04,89,74,7.67,MX,1638701737
121,Am Timan,11.0297,20.2827,97.41,13,85,7.54,TD,1638701737
122,Srednekolymsk,67.45,153.6833,-47.83,100,65,3.76,RU,1638701737
123,Launceston,-41.45,147.1667,56.8,62,40,12.66,AU,1638701738
124,Prince Rupert,54.3161,-130.3201,35.29,82,1,6.91,CA,1638701738
125,Praia,14.9215,-23.5087,75.74,69,20,19.57,CV,1638701506
126,Batagay-Alyta,67.8006,130.4114,-20.25,98,100,0.92,RU,1638701704
127,Vao,-22.6667,167.4833,76.95,85,100,17.16,NC,1638701738
128,Kununurra,-15.7667,128.7333,76.98,83,40,14.97,AU,1638701738
129,Nouadhibou,20.931,-17.0347,67.98,40,100,12.66,MR,1638701738
130,Horta,38.5333,-28.6333,64.04,59,40,9.22,PT,1638701738
131,General Roca,-39.0333,-67.5833,61.2,53,0,7.49,AR,1638701738
132,Druzhba,52.0428,33.9453,30.97,82,98,5.19,UA,1638701739
133,Cassilândia,-19.1133,-51.7342,78.19,71,97,4.32,BR,1638701739
134,Bluff,-46.6,168.3333,48.79,67,84,12.46,NZ,1638701739
135,Abu Samrah,35.3029,37.1841,61.9,34,100,6.67,SY,1638701739
136,Cherskiy,68.75,161.3,-42.74,100,92,7.02,RU,1638701739
137,Saint-François,46.4154,3.9054,39.67,84,90,12.66,FR,1638701739
138,Tasiilaq,65.6145,-37.6368,29.88,87,100,73.46,GL,1638701739
139,Khatanga,71.9667,102.5,-20.04,95,100,13.82,RU,1638701739
140,Mt. Pleasant,32.7941,-79.8626,57.0,97,20,0.0,US,1638701739
141,Zyryanka,65.75,150.85,-46.21,99,55,4.85,RU,1638701739
142,Adrar,20.5022,-10.0711,68.47,17,100,15.48,MR,1638701740
143,Seoul,37.5683,126.9778,36.97,56,0,3.44,KR,1638701740
144,Fortuna,40.5982,-124.1573,48.65,94,75,3.0,US,1638701740
145,Harper,4.375,-7.7169,85.19,68,60,6.8,LR,1638701740
146,San Patricio,28.017,-97.5169,73.26,95,16,6.29,US,1638701740
147,Jalesar,27.4833,78.3167,76.93,38,38,1.72,IN,1638701740
148,Makakilo City,21.3469,-158.0858,68.29,83,20,4.61,US,1638701740
149,Tiksi,71.6872,128.8694,-10.89,95,100,4.74,RU,1638701741
150,Baghdad,33.3406,44.4009,62.51,36,0,10.36,IQ,1638701505
151,Souillac,-20.5167,57.5167,84.58,65,40,11.5,MU,1638701741
152,Santa Vitória do Palmar,-33.5189,-53.3681,69.35,72,27,5.55,BR,1638701741
153,Waingapu,-9.6567,120.2641,81.9,79,88,2.95,ID,1638701741
154,The Valley,18.217,-63.0578,80.46,75,13,20.42,AI,1638701741
155,Broken Hill,-31.95,141.4333,73.11,27,100,5.75,AU,1638701742
156,Raudeberg,61.9875,5.1352,34.86,91,100,1.99,NO,1638701742
157,Port Blair,11.6667,92.75,80.42,71,15,9.86,IN,1638701742
158,Inhambane,-23.865,35.3833,89.58,62,20,11.99,MZ,1638701742
159,Kaeo,-35.1,173.7833,69.33,93,24,6.22,NZ,1638701742
160,Lorengau,-2.0226,147.2712,83.1,81,100,12.8,PG,1638701742
161,Kinsale,51.7075,-8.5306,43.23,81,40,12.66,IE,1638701742
162,North Myrtle Beach,33.816,-78.68,57.02,93,100,6.93,US,1638701743
163,Fairbanks,64.8378,-147.7164,-11.02,79,90,0.0,US,1638701743
164,Dwārka,22.2394,68.9678,79.16,40,0,12.12,IN,1638701743
165,Castro,-24.7911,-50.0119,66.16,73,73,4.63,BR,1638701743
166,Dawlatabad,36.4141,64.9053,54.55,50,7,5.59,AF,1638701743
167,Akdepe,42.0551,59.3788,44.69,53,7,5.3,TM,1638701640
168,Waddān,29.1614,16.139,61.27,35,0,6.53,LY,1638701743
169,Lincoln,40.8,-96.667,43.18,75,100,5.99,US,1638701743
170,Caucaia,-3.7361,-38.6531,86.07,74,20,12.66,BR,1638701743
171,Itarema,-2.9248,-39.9167,83.52,69,91,15.26,BR,1638701743
172,Shagonar,51.5333,92.8,5.22,99,100,3.4,RU,1638701744
173,Digby,44.6169,-65.7655,25.75,84,92,10.89,CA,1638701744
174,Chernyshevskiy,63.0128,112.4714,-14.24,93,99,8.28,RU,1638701744
175,Upernavik,72.7868,-56.1549,23.29,72,100,6.11,GL,1638701744
176,Saint George,37.1041,-113.5841,51.53,48,1,0.0,US,1638701744
177,Marrakesh,31.6315,-8.0083,55.47,62,0,5.75,MA,1638701477
178,Mlonggo,-6.5333,110.7,78.69,80,100,15.43,ID,1638701744
179,Khani,41.9563,42.9566,51.37,47,100,1.07,GE,1638701744
180,Bereda,43.2686,-7.5406,50.41,100,99,6.42,ES,1638701745
181,Broome,42.2506,-75.833,31.86,69,93,5.01,US,1638701745
182,Argelia,2.2556,-77.2488,65.41,98,100,1.88,CO,1638701745
183,Noyabrsk,63.1994,75.4507,-7.73,94,100,14.2,RU,1638701745
184,Muros,42.7762,-9.0603,55.69,90,91,13.62,ES,1638701745
185,Maningrida,-12.0667,134.2667,84.4,74,100,9.73,AU,1638701745
186,Caravelas,-17.7125,-39.2481,77.34,80,49,2.1,BR,1638701745
187,Ribeira Grande,38.5167,-28.7,64.8,59,40,9.22,PT,1638701746
188,Kloulklubed,7.0419,134.2556,83.89,72,100,3.13,PW,1638701746
189,Marystown,47.1666,-55.1483,29.86,100,83,13.51,CA,1638701746
190,Lompoc,34.6391,-120.4579,57.31,90,90,4.61,US,1638701746
191,Oromocto,45.8351,-66.4792,17.74,90,90,3.44,CA,1638701615
192,Nishihara,26.1842,127.7558,67.28,64,75,11.5,JP,1638701746
193,Rocha,-34.4833,-54.3333,67.17,85,61,5.86,UY,1638701746
194,Lesnoy,57.6198,63.0784,24.85,93,99,4.21,RU,1638701702
195,Rabo de Peixe,37.8,-25.5833,63.91,97,20,3.44,PT,1638701747
196,Province of Mantua,45.1667,10.7833,47.82,85,100,8.99,IT,1638701747
197,Riachão,-7.3619,-46.6172,71.96,94,99,3.06,BR,1638701747
198,Laguna,38.421,-121.4238,54.21,96,90,1.99,US,1638701747
199,Saskylakh,71.9167,114.0833,-17.16,95,100,15.03,RU,1638701747
200,Norton,-17.8833,30.7,92.12,19,34,8.72,ZW,1638701747
201,Genhe,50.7833,121.5167,3.61,99,47,3.49,CN,1638701747
202,Banda Aceh,5.5577,95.3222,80.73,79,74,14.03,ID,1638701747
203,Vila Velha,-20.3297,-40.2925,77.95,80,20,1.99,BR,1638701741
204,San Policarpo,12.1791,125.5072,80.01,75,74,17.56,PH,1638701748
205,Whitehorse,60.7161,-135.0538,-15.7,75,90,13.0,CA,1638701748
206,Ponta do Sol,32.6667,-17.1,66.13,58,96,5.64,PT,1638701748
207,Barsovo,61.1667,73.1667,-2.07,94,100,10.58,RU,1638701748
208,Hithadhoo,-0.6,73.0833,80.26,84,100,15.26,MV,1638701748
209,Talnakh,69.4865,88.3972,-27.8,98,100,11.27,RU,1638701748
210,Sitka,57.0531,-135.33,33.69,86,90,8.05,US,1638701748
211,Arkhara,49.4212,130.0842,15.22,89,61,8.37,RU,1638701748
212,Katsuura,35.1333,140.3,51.19,69,99,13.38,JP,1638701749
213,Ust'-Ishim,57.6935,71.1665,32.07,98,100,8.84,RU,1638701749
214,Labé,11.3182,-12.2833,82.87,19,5,7.49,GN,1638701749
215,Biltine,14.5333,20.9167,92.84,14,45,6.42,TD,1638701749
216,Langsa,4.4683,97.9683,75.96,92,68,2.1,ID,1638701749
217,Lázaro Cárdenas,17.9583,-102.2,73.51,85,6,4.32,MX,1638701749
218,Rosarito,32.3333,-117.0333,59.09,87,8,6.87,MX,1638701749
219,Kuzhener,56.8111,48.9128,16.45,81,99,10.22,RU,1638701752
220,Cabo San Lucas,22.8909,-109.9124,74.52,70,98,11.83,MX,1638701641
221,Aripuanã,-9.1667,-60.6333,74.08,96,96,2.06,BR,1638701752
222,Maragogi,-9.0122,-35.2225,82.13,73,71,11.65,BR,1638701752
223,Yulara,-25.2406,130.9889,80.44,32,76,11.5,AU,1638701752
224,Hualmay,-11.0964,-77.6139,65.8,88,100,8.03,PE,1638701752
225,Flinders,-34.5833,150.8552,63.21,79,41,4.56,AU,1638701752
226,Lavrentiya,65.5833,-171.0,22.37,94,100,40.06,RU,1638701752
227,Ust-Maya,60.4167,134.5333,2.03,97,100,1.57,RU,1638701753
228,Mwinilunga,-11.7358,24.4293,89.56,23,19,5.14,ZM,1638701753
229,Solnechnyy,50.7214,136.6319,6.6,94,90,4.92,RU,1638701753
230,Acajutla,13.5928,-89.8275,77.72,60,2,6.69,SV,1638701753
231,Samarai,-10.6167,150.6667,82.65,76,96,8.01,PG,1638701753
232,Tayshet,55.9342,98.0044,24.82,90,100,8.81,RU,1638701753
233,Choma,-16.8065,26.9531,95.14,16,25,7.34,ZM,1638701754
234,Geraldton,-28.7667,114.6,74.12,64,0,21.85,AU,1638701754
235,Maués,-3.3836,-57.7186,74.75,96,100,1.83,BR,1638701754
236,Vestmannaeyjar,63.4427,-20.2734,41.99,65,40,48.34,IS,1638701754
237,Ust'-Barguzin,53.45,108.9833,22.17,70,79,12.44,RU,1638701754
238,Zhigalovo,54.8097,105.1578,18.36,86,99,7.18,RU,1638701754
239,Bell Ville,-32.6259,-62.6887,65.8,72,4,8.77,AR,1638701754
240,Tura,25.5198,90.2201,67.66,77,100,3.47,IN,1638701754
241,Pacific Grove,36.6177,-121.9166,51.3,92,75,1.01,US,1638701754
242,Vanavara,60.34,102.2797,8.13,95,100,6.53,RU,1638701755
243,Galle,6.0367,80.217,82.62,76,28,4.83,LK,1638701755
244,Bubaque,11.2833,-15.8333,80.37,65,83,7.99,GW,1638701755
245,Nioaque,-21.1353,-55.83,82.74,49,87,3.65,BR,1638701755
246,Hasaki,35.7333,140.8333,45.0,59,95,10.47,JP,1638701755
247,Šahy,48.0741,18.9495,35.73,93,100,3.31,SK,1638701755
248,Jadu,31.953,12.0261,53.53,25,0,16.62,LY,1638701755
249,Torbay,47.6666,-52.7314,28.27,88,20,6.91,CA,1638701756
250,Kathmandu,27.7167,85.3167,64.62,68,20,8.05,NP,1638701739
251,Muravlenko,63.7898,74.523,-15.27,95,92,11.56,RU,1638701573
252,Jalu,29.0331,21.5482,68.4,41,0,8.7,LY,1638701756
253,Haines Junction,60.7522,-137.5108,-40.05,67,56,1.14,CA,1638701756
254,Jiwani,25.05,61.7417,77.07,50,1,8.03,PK,1638701756
255,Lata,40.1629,-8.3327,55.92,70,91,11.1,PT,1638701756
256,Churapcha,62.0025,132.4325,-9.58,100,99,1.66,RU,1638701756
257,Katobu,-4.9408,122.5276,76.3,93,98,3.85,ID,1638701756
258,Saint Paul Harbor,57.79,-152.4072,24.31,86,90,0.0,US,1638701757
259,Lakhīmpur,27.95,80.7667,77.32,44,3,3.4,IN,1638701757
260,Along,28.1667,94.7667,66.47,67,12,0.63,IN,1638701757
261,Byron Bay,-28.65,153.6167,73.06,86,69,10.54,AU,1638701757
262,Bridlington,54.0831,-0.1919,45.52,75,84,21.07,GB,1638701757
263,Honiara,-9.4333,159.95,78.98,87,100,1.36,SB,1638701710
264,Pathein,16.7833,94.7333,77.41,69,52,6.15,MM,1638701757
265,Antofagasta,-23.65,-70.4,63.68,66,51,5.03,CL,1638701758
266,Quime,-16.9833,-67.2167,51.76,89,100,1.59,BO,1638701758
267,Serpa,37.9458,-7.5975,48.16,55,6,15.86,PT,1638701758
268,Bandarbeyla,9.4942,50.8122,80.94,58,61,22.41,SO,1638701758
269,Sisimiut,66.9395,-53.6735,30.92,74,95,9.53,GL,1638701758
270,Bichena,10.45,38.2,71.85,21,3,7.54,ET,1638701758
271,Mahwa,27.0471,76.9288,75.92,40,34,4.43,IN,1638701758
272,Assiut,27.181,31.1837,66.38,29,89,13.87,EG,1638701759
273,Morón,-34.6534,-58.6198,69.49,89,90,4.61,AR,1638701759
274,Talcahuano,-36.7167,-73.1167,56.91,63,0,5.19,CL,1638701759
275,Tomatlán,19.9333,-105.25,69.71,86,87,2.37,MX,1638701759
276,Vardø,70.3705,31.1107,16.0,74,41,32.08,NO,1638701759
277,Guerrero Negro,27.9769,-114.0611,60.78,86,44,16.67,MX,1638701759
278,Grants Pass,42.439,-123.3284,42.48,94,90,1.01,US,1638701759
279,Klaksvík,62.2266,-6.589,34.72,56,90,11.21,FO,1638701759
280,Cabra,37.4725,-4.4421,51.39,77,66,8.9,ES,1638701759
281,Kensington,-33.9167,151.2167,65.71,64,75,5.01,AU,1638701760
282,Bétaré Oya,5.6,14.0833,94.1,22,63,7.02,CM,1638701760
283,Shenjiamen,29.9576,122.298,56.41,60,55,9.17,CN,1638701760
284,Richards Bay,-28.783,32.0377,87.49,57,90,9.48,ZA,1638701760
285,Eureka,40.8021,-124.1637,48.92,94,76,4.72,US,1638701760
286,Port Hardy,50.6996,-127.4199,39.2,80,1,8.05,CA,1638701760
287,Ahipara,-35.1667,173.1667,65.41,95,18,8.68,NZ,1638701760
288,Sadovo,42.1333,24.9333,51.04,81,90,3.44,BG,1638701761
289,Östersund,63.1792,14.6357,9.61,92,75,3.44,SE,1638701761
290,Polis,35.0367,32.4264,62.42,89,94,6.44,CY,1638701761
291,Blagoyevo,63.3667,47.9167,7.77,96,99,4.5,RU,1638701761
292,Aginskoye,51.1,114.53,21.76,68,26,21.23,RU,1638701762
293,Angoche,-16.2325,39.9086,88.02,60,4,14.97,MZ,1638701762
294,Nanortalik,60.1432,-45.2371,30.54,72,100,18.95,GL,1638701762
295,Xingyi,24.1877,102.817,50.95,84,100,2.28,CN,1638701762
296,Port Lincoln,-34.7333,135.8667,59.72,81,100,10.33,AU,1638701763
297,Soyo,-6.1349,12.3689,83.8,73,100,3.29,AO,1638701763
298,San Cristobal,7.7669,-72.225,64.58,82,83,2.26,VE,1638701763
299,Hamilton,39.1834,-84.5333,35.94,70,43,3.0,US,1638701763
300,Ol'ga,43.7444,135.2892,28.51,59,0,4.63,RU,1638701763
301,Vilhena,-12.7406,-60.1458,71.76,97,100,2.46,BR,1638701764
302,Celestún,20.8667,-90.4,67.62,89,3,8.9,MX,1638701764
303,Husavik,66.0449,-17.3389,30.11,77,90,18.57,IS,1638701764
304,Biak,-0.9131,122.8766,79.0,80,99,4.65,ID,1638701764
305,Maneromango,-7.1988,38.7848,82.15,78,62,4.18,TZ,1638701764
306,Vostok,46.4856,135.8833,8.24,89,6,5.88,RU,1638701764
307,Puerto El Triunfo,13.2833,-88.55,74.3,78,1,5.66,SV,1638701764
308,Viranşehir,37.2353,39.7631,57.07,23,100,10.67,TR,1638701564
309,Nālūt,30.3333,10.85,56.07,27,0,12.53,LY,1638701765
310,Presidencia Roque Sáenz Peña,-26.7852,-60.4388,74.88,42,66,7.45,AR,1638701765
311,Fussen,47.8739,12.1695,40.33,89,100,3.36,DE,1638701765
312,Nago,26.5881,127.9761,68.07,74,93,15.73,JP,1638701765
313,Pitelino,54.5777,41.8145,31.73,75,100,6.51,RU,1638701765
314,Oranjemund,-28.55,16.4333,68.16,65,45,17.6,NA,1638701765
315,Kempele,64.9131,25.5034,-7.58,84,0,2.3,FI,1638701765
316,Alīganj,27.5,79.1833,77.52,41,13,3.13,IN,1638701766
317,Kahului,20.8947,-156.47,68.97,79,100,8.41,US,1638701766
318,Avaré,-23.0986,-48.9258,70.03,61,84,7.99,BR,1638701766
319,Sandūr,15.1,76.55,81.03,57,43,4.94,IN,1638701766
320,Nevel'sk,46.6733,141.8633,30.63,74,75,18.23,RU,1638701766
321,Berlevåg,70.8578,29.0864,16.68,85,55,22.08,NO,1638701766
322,Llandrindod Wells,52.2416,-3.3787,42.6,76,42,17.6,GB,1638701766
323,Kletskaya,49.3145,43.0584,33.08,100,100,9.75,RU,1638701766
324,Katsina,12.9894,7.6006,84.09,17,39,16.11,NG,1638701766
325,Goderich,43.7501,-81.7165,35.91,60,100,9.22,CA,1638701767
326,Los Llanos de Aridane,28.6585,-17.9182,64.15,60,40,11.01,ES,1638701767
327,Arlit,18.7369,7.3853,82.56,11,97,3.36,NE,1638701767
328,Kafue,-15.7691,28.1814,101.23,14,4,6.64,ZM,1638701767
329,Balkanabat,39.5108,54.3671,58.41,34,40,10.65,TM,1638701767
330,Boguchany,58.3814,97.4531,20.59,93,100,9.71,RU,1638701767
331,Brownwood,31.7093,-98.9912,62.37,54,49,7.02,US,1638701767
332,Moerai,-22.4333,-151.3333,77.31,75,83,8.77,PF,1638701767
333,Oxbow,49.2333,-102.1676,22.95,93,100,12.8,CA,1638701768
334,Ulladulla,-35.35,150.4667,58.87,67,54,4.14,AU,1638701768
335,Kopervik,59.2835,5.3067,35.33,55,0,10.36,NO,1638701768
336,Usta Muhammad,28.1794,68.0445,81.64,14,0,4.36,PK,1638701768
337,Leshukonskoye,64.8989,45.7622,15.46,86,90,7.9,RU,1638701768
338,Esna,25.2934,32.554,71.62,25,28,16.69,EG,1638701769
339,Rome,43.2128,-75.4557,35.65,89,99,3.0,US,1638701769
340,Nha Trang,12.25,109.1833,75.2,86,85,8.79,VN,1638701769
341,Bathsheba,13.2167,-59.5167,79.41,78,40,19.57,BB,1638701769
342,Barcelos,41.5388,-8.6151,56.88,73,71,11.1,PT,1638701769
343,Kimbe,-5.5502,150.1429,76.01,94,100,3.71,PG,1638701769
344,Cefalù,38.0386,14.0229,61.75,61,36,11.99,IT,1638701769
345,Kirando,-7.4167,30.6,83.61,50,81,6.91,TZ,1638701769
346,At-Bashi,41.1702,75.8106,22.17,64,95,2.24,KG,1638701769
347,Novonikolsk,43.8506,131.8645,20.98,85,3,11.7,RU,1638701770
348,Mercedes,-34.6515,-59.4307,68.02,91,79,5.1,AR,1638701770
349,Novouzensk,50.4592,48.1431,32.86,100,100,8.88,RU,1638701740
350,Acaraú,-2.8856,-40.12,83.1,71,91,15.82,BR,1638701770
351,Roşia,45.8167,24.3167,45.09,61,0,4.61,RO,1638701744
352,Kabinda,-6.1333,24.4833,81.34,67,68,3.0,CD,1638701770
353,Brazzaville,-4.2658,15.2832,89.38,56,95,2.33,CG,1638701770
354,Svetlaya,46.5389,138.3297,23.9,73,2,7.45,RU,1638701771
355,Conceição do Araguaia,-8.2578,-49.2647,73.29,97,100,2.75,BR,1638701771
356,Qaqortoq,60.7167,-46.0333,27.23,89,100,2.46,GL,1638701701
357,Bindura,-17.3019,31.3306,94.59,19,11,8.1,ZW,1638701771
358,Jauja,-11.7758,-75.4966,50.32,83,100,3.27,PE,1638701771
359,Tres Palos,18.1833,-101.6167,69.6,84,9,2.98,MX,1638701771
360,Kaffrine,14.1059,-15.5508,92.35,10,95,14.7,SN,1638701771
361,Norman Wells,65.282,-126.8329,-38.16,60,20,3.44,CA,1638701771
362,Polyarny,69.1989,33.4478,4.69,93,45,14.09,RU,1638701771
363,Pochinki,54.6988,44.8668,29.64,72,81,5.21,RU,1638701772
364,Damietta,31.4165,31.8133,66.09,45,2,18.07,EG,1638701772
365,Dzaoudzi,-12.7887,45.2699,89.49,66,75,6.91,YT,1638701772
366,Divnogorsk,55.9594,92.3619,28.89,86,98,6.93,RU,1638701772
367,Yangi Marg`ilon,40.4272,71.7189,48.92,57,100,4.61,UZ,1638701772
368,Cayenne,4.9333,-52.3333,76.08,93,75,4.61,GF,1638701772
369,Mount Isa,-20.7333,139.5,91.17,25,90,19.57,AU,1638701772
370,Voskresenskoye,56.8381,45.4317,19.09,74,99,6.26,RU,1638701515
371,Nuuk,64.1835,-51.7216,29.88,92,100,20.0,GL,1638701728
372,Biskamzha,53.4497,89.5272,12.22,99,97,1.07,RU,1638701773
373,San Vicente,-26.6167,-54.1333,78.75,46,62,0.67,AR,1638701773
374,Half Moon Bay,37.4636,-122.4286,53.78,92,90,0.0,US,1638701773
375,Constitución,-35.3333,-72.4167,62.44,57,0,3.22,CL,1638701773
376,Kamaishi,39.2667,141.8833,36.55,69,13,4.99,JP,1638701773
377,Bilibino,68.0546,166.4372,-18.49,88,100,3.58,RU,1638701773
378,Ranau,5.9538,116.6641,72.25,98,100,1.63,MY,1638701774
379,Beaverlodge,55.2166,-119.4361,-4.65,90,98,4.72,CA,1638701774
380,Lappeenranta,61.0587,28.1887,3.25,77,20,10.36,FI,1638701774
381,Isla Vista,34.4133,-119.861,64.11,66,0,4.18,US,1638701774
382,Acapulco de Juárez,16.8634,-99.8901,75.6,72,0,3.65,MX,1638701774
383,Vila,42.0304,-8.1588,44.33,83,94,9.08,PT,1638701774
384,Smithers,54.7804,-127.1743,10.72,85,90,3.44,CA,1638701774
385,Safranbolu,41.2508,32.6942,55.02,67,59,1.1,TR,1638701774
386,Vidim,56.4088,103.1106,18.57,87,100,10.76,RU,1638701774
387,Yeppoon,-23.1333,150.7333,78.58,71,8,17.9,AU,1638701775
388,Deutschlandsberg,46.8153,15.2222,35.02,97,100,3.67,AT,1638701775
389,Alofi,-19.0595,-169.9187,78.69,89,65,4.61,NU,1638701775
390,Wewak,-3.5534,143.6268,81.45,85,100,7.16,PG,1638701775
391,Cepu,-7.1475,111.5906,78.03,85,98,9.1,ID,1638701775
392,Paragould,36.0584,-90.4973,55.24,75,0,4.32,US,1638701775
393,El Salvador,13.8333,-88.9167,62.62,94,3,3.56,SV,1638701775
394,Dubbo,-32.25,148.6167,62.73,67,60,23.02,AU,1638701776
395,San Jerónimo,-11.9472,-75.2829,51.71,82,100,1.28,PE,1638701776
396,Port-Gentil,-0.7193,8.7815,84.16,79,75,9.22,GA,1638701776
397,Bonthe,7.5264,-12.505,85.71,66,41,4.14,SL,1638701776
398,Kuril'sk,45.2333,147.8833,34.56,73,100,21.85,RU,1638701776
399,Lady Frere,-31.7031,27.2329,82.47,36,100,15.05,ZA,1638701776
400,Ust-Kuyga,70.0167,135.6,-21.35,98,100,3.78,RU,1638701776
401,Berdigestyakh,62.0989,126.6992,-5.08,100,99,0.54,RU,1638701705
402,Kavieng,-2.5744,150.7967,82.06,79,100,12.55,PG,1638701777
403,Leningradskiy,69.3833,178.4167,-3.23,100,100,7.38,RU,1638701777
404,Rutland,43.6167,-73.0162,32.45,82,47,2.1,US,1638701777
405,Amherstburg,42.1168,-83.0499,36.07,68,90,1.99,CA,1638701777
406,Hurghada,27.2574,33.8129,78.84,14,0,14.97,EG,1638701729
407,Kaili,-3.4626,120.2147,68.45,98,98,4.47,ID,1638701777
408,North Bend,43.4065,-124.2243,49.95,97,90,8.05,US,1638701777
409,Lakatoro,-16.0999,167.4164,79.83,76,0,12.8,VU,1638701778
410,Zacualtipán,20.65,-98.6,51.04,84,12,4.0,MX,1638701778
411,Grand Gaube,-20.0064,57.6608,84.6,64,6,10.0,MU,1638701778
412,Kattivākkam,13.2167,80.3167,87.89,83,3,7.56,IN,1638701778
413,Curvelo,-18.7564,-44.4308,73.56,71,6,5.93,BR,1638701778
414,Deniliquin,-35.5333,144.9667,70.5,31,19,4.63,AU,1638701778
415,Mergen,49.1833,125.2167,7.99,96,67,4.9,CN,1638701778
416,Wangqing,43.3218,129.7634,17.42,88,3,3.62,CN,1638701778
417,Sur,22.5667,59.5289,78.37,55,0,9.73,OM,1638701778
418,Garmsār,35.2182,52.3409,56.98,26,56,2.71,IR,1638701779
419,Iqaluit,63.7506,-68.5145,8.33,65,90,28.99,CA,1638701779
420,Grand Baie,-20.0182,57.5802,84.67,64,4,10.0,MU,1638701779
421,Mapiri,-15.25,-68.1667,67.73,99,100,0.92,BO,1638701779
422,Yuncheng,35.0231,110.9928,45.05,39,0,2.62,CN,1638701779
423,Issoire,45.55,3.25,40.26,70,93,11.68,FR,1638701654
424,Kigoma,-4.8769,29.6267,82.71,56,99,8.39,TZ,1638701779
425,Khovd,48.0056,91.6419,17.96,66,14,1.16,MN,1638701780
426,Alta,69.9689,23.2717,4.26,66,0,9.22,NO,1638701780
427,Freeport,40.6576,-73.5832,42.3,59,96,6.98,US,1638701780
428,Kinango,-4.1372,39.3153,86.11,42,62,10.78,KE,1638701780
429,Olinda,-8.0089,-34.8553,82.13,74,40,9.22,BR,1638701780
430,Māndal,25.45,74.5667,76.05,42,18,8.46,IN,1638701780
431,Jega,12.2175,4.3792,92.34,14,41,12.37,NG,1638701781
432,Masuguru,-11.3667,38.4167,93.42,41,100,5.5,TZ,1638701781
433,Inongo,-1.95,18.2667,78.6,71,84,1.59,CD,1638701781
434,Nyurba,63.2842,118.3319,-4.36,94,100,7.31,RU,1638701781
435,Calbuco,-41.768,-73.1273,52.81,81,0,16.13,CL,1638701781
436,Godalming,51.1846,-0.6173,43.99,80,90,20.71,GB,1638701781
437,Kaa-Khem,51.6833,94.7333,5.59,95,71,2.68,RU,1638701781
438,Naze,28.3667,129.4833,61.72,66,100,17.74,JP,1638701781
439,Hokitika,-42.7167,170.9667,59.95,94,89,7.05,NZ,1638701781
440,Grindavik,63.8424,-22.4338,41.47,75,90,50.64,IS,1638701782
441,San Fernando,15.0286,120.6898,80.62,71,42,9.24,PH,1638701782
442,Dingle,10.9995,122.6711,74.19,85,81,8.21,PH,1638701782
443,Krasnoobsk,54.9198,82.9909,30.34,88,100,13.76,RU,1638701782
444,Tadine,-21.55,167.8833,75.24,90,88,19.71,NC,1638701782
445,College,64.8569,-147.8028,-11.02,80,90,0.0,US,1638701782
446,Bāzpur,29.15,79.1167,74.88,53,29,0.38,IN,1638701782
447,Poronaysk,49.2167,143.1167,9.41,91,41,5.77,RU,1638701782
448,Athabasca,54.7169,-113.2854,-4.31,78,100,8.59,CA,1638701782
449,Jumla,29.2747,82.1838,50.49,61,8,5.06,NP,1638701783
450,Shahr-e Bābak,30.1165,55.1186,60.21,14,19,6.8,IR,1638701702
451,Asău,46.4333,26.4,42.96,60,100,1.92,RO,1638701783
452,Nemuro,43.3236,145.575,34.84,61,2,12.33,JP,1638701783
453,Rio Grande,-32.035,-52.0986,71.94,72,25,13.62,BR,1638701783
454,Nara,34.6851,135.8049,47.44,53,7,3.31,JP,1638701783
455,Touros,-5.1989,-35.4608,83.3,68,44,15.64,BR,1638701783
456,Meulaboh,4.1363,96.1285,81.1,76,94,2.66,ID,1638701783
457,Neuquén,-38.9516,-68.0591,60.69,82,0,4.61,AR,1638701783
458,Kuching,1.55,110.3333,77.22,100,40,0.0,MY,1638701549
459,Yaan,7.3833,8.5667,96.04,17,56,8.34,NG,1638701784
460,Stornoway,58.2093,-6.3865,39.16,78,75,5.75,GB,1638701731
461,Kushima,31.4583,131.2333,50.04,76,25,6.13,JP,1638701784
462,Pishin,30.5803,66.9961,55.4,34,5,7.2,PK,1638701784
463,Soure,-0.7167,-48.5233,80.06,84,41,9.37,BR,1638701784
464,Hambantota,6.1241,81.1185,84.54,89,40,9.22,LK,1638701784
465,Mezen',65.8522,44.24,12.49,92,15,5.84,RU,1638701727
466,Vaasa,63.096,21.6158,8.94,84,0,1.14,FI,1638701784
467,Nantucket,41.2835,-70.0995,40.96,67,99,15.43,US,1638701785
468,Port Elizabeth,-33.918,25.5701,75.09,88,75,17.27,ZA,1638701785
469,Nefteyugansk,61.0998,72.6035,-1.95,94,100,11.43,RU,1638701785
470,Mackenzie,55.2999,-123.1698,8.82,92,75,0.0,CA,1638701785
471,Porto Santo,33.072,-16.3415,66.58,72,40,11.5,PT,1638701785
472,Westport,41.1415,-73.3579,40.98,67,99,3.0,US,1638701785
473,Moindou,-21.6924,165.677,73.35,75,19,7.36,NC,1638701785
474,Sijunjung,-0.6876,100.9537,74.19,97,100,1.21,ID,1638701786
475,Oktyabr'skoye,43.0645,44.7417,51.94,43,89,2.24,RU,1638701786
476,Bétérou,9.1992,2.2586,94.66,12,100,5.06,BJ,1638701786
477,Sola,-13.8833,167.55,80.29,78,79,13.85,VU,1638701786
478,Iquique,-20.2208,-70.1431,62.64,67,70,3.33,CL,1638701786
479,Mahibadhoo,3.7833,72.9667,82.89,71,25,14.38,MV,1638701786
480,Tual,-5.6667,132.75,82.89,78,100,18.21,ID,1638701786
481,San Rafael,-34.6177,-68.3301,61.75,73,41,0.18,AR,1638701787
482,Nizwá,22.9333,57.5333,79.21,33,1,5.88,OM,1638701787
483,Susanville,40.4163,-120.653,28.24,80,1,0.0,US,1638701787
484,Ternate,0.8,127.4,81.59,79,100,9.89,ID,1638701580
485,Durban,-29.8579,31.0292,83.93,80,94,5.01,ZA,1638701689
486,Turukhansk,65.8167,87.9833,-39.69,100,32,4.32,RU,1638701787
487,Arrecife,28.963,-13.5477,67.98,64,20,19.57,ES,1638701787
488,São João da Barra,-21.6403,-41.0511,77.09,79,1,4.45,BR,1638701787
489,Smirnykh,49.75,142.8333,9.09,95,52,3.49,RU,1638701787
490,Bairiki Village,1.3292,172.9752,80.6,89,75,8.05,KI,1638701787
491,Gabú,12.2833,-14.2167,91.49,32,21,1.92,GW,1638701788
492,Kedrovyy,56.1667,91.8167,27.01,82,98,8.3,RU,1638701788
493,Sungai Penuh,-2.0833,101.3833,66.4,97,100,1.61,ID,1638701788
494,Kargasok,59.0556,80.8572,32.74,97,100,15.14,RU,1638701788
495,Lumeje,-11.55,20.7833,86.32,44,96,2.95,AO,1638701788
496,São José da Coroa Grande,-8.8978,-35.1478,81.97,73,75,11.61,BR,1638701788
497,Hay River,60.8156,-115.7999,-20.22,69,20,5.75,CA,1638701788
498,Buritizeiro,-17.3511,-44.9622,76.35,70,8,7.27,BR,1638701788
499,Sharan,54.8167,54.0,27.55,87,95,6.82,RU,1638701789
500,Laiyang,36.9758,120.7136,44.2,71,0,6.08,CN,1638701789
501,Elko,41.0002,-115.5012,42.64,44,41,15.99,US,1638701789
502,Sørland,67.667,12.6934,21.27,63,25,9.84,NO,1638701789
503,Oussouye,12.485,-16.5469,78.98,33,56,2.37,SN,1638701789
504,Tazmalt,36.3868,4.3989,55.74,67,68,11.45,DZ,1638701789
505,Katangli,51.7102,143.2326,18.07,80,30,17.4,RU,1638701789
506,Henties Bay,-22.116,14.2845,64.85,62,0,13.76,NA,1638701789
507,Te Anau,-45.4167,167.7167,43.41,97,100,3.22,NZ,1638701790
508,Fleetwood,53.9253,-3.0109,43.63,75,20,14.97,GB,1638701671
509,Sidrolândia,-20.9319,-54.9614,79.59,50,82,6.24,BR,1638701790
510,Sitniki,56.4553,44.0666,24.78,78,100,4.97,RU,1638701790
511,Mogadishu,2.0371,45.3438,85.87,74,20,20.71,SO,1638701790
512,San Matías,-16.3667,-58.4,78.31,89,100,2.75,BO,1638701790
513,Nanpiao,41.0982,120.7479,37.42,56,2,5.97,CN,1638701790
514,Margate,51.3813,1.3862,43.7,86,96,5.01,GB,1638701790
515,Vredendal,-31.6683,18.5012,66.06,65,94,5.61,ZA,1638701790
516,Evensk,61.95,159.2333,-11.15,75,27,8.93,RU,1638701791
517,Linxia Chengguanzhen,35.6003,103.2064,31.44,55,31,2.84,CN,1638701791
518,Dubno,50.4169,25.7343,31.89,80,100,7.43,UA,1638701791
519,Ketchikan,55.3422,-131.6461,26.58,88,81,3.51,US,1638701791
520,Teguise,29.0605,-13.564,64.62,64,20,19.57,ES,1638701791
521,Ossora,59.2353,163.0719,12.43,83,100,6.69,RU,1638701791
522,Gravdal,68.1214,13.5031,21.09,63,0,5.75,NO,1638701791
523,Sagua de Tánamo,20.5819,-75.2414,71.98,95,89,3.78,CU,1638701791
524,Magsaysay,6.7667,125.1833,77.77,91,100,1.63,PH,1638701791
525,Kandrian,-6.2167,149.55,78.04,86,100,4.09,PG,1638701792
526,Āsosa,10.0667,34.5333,87.21,17,0,2.8,ET,1638701792
527,Ardee,53.8597,-6.5406,41.65,85,6,7.56,IE,1638701557
528,Wajid,3.8093,43.2471,90.7,28,11,12.53,SO,1638701792
529,Olafsvik,64.8945,-23.7142,39.97,82,100,49.86,IS,1638701792
530,Rognan,67.0953,15.3878,18.88,87,3,10.51,NO,1638701792
531,Shelabolikha,53.4131,82.6167,29.66,92,100,7.47,RU,1638701792
532,Juneau,58.3019,-134.4197,24.22,93,95,4.7,US,1638701792
533,Fort Portal,0.6617,30.2748,78.57,47,98,3.51,UG,1638701793
534,Lebyazh'ye,55.2689,66.4947,30.42,84,98,15.32,RU,1638701793
535,Worland,44.0169,-107.9554,49.35,43,100,5.14,US,1638701793
536,Coquimbo,-29.9533,-71.3436,56.93,94,90,2.3,CL,1638701734
537,Limbang,4.75,115.0,84.51,90,97,3.0,MY,1638701793
538,Kalanchak,46.2562,33.2907,39.97,68,84,2.33,UA,1638701619
539,Acarí,-15.4311,-74.6158,69.69,84,100,3.2,PE,1638701793
540,Sault Ste. Marie,46.5168,-84.3333,26.89,83,75,4.61,CA,1638701793
541,Tuensang,26.2833,94.8333,62.33,92,49,1.14,IN,1638701793
542,Bulgan,48.8125,103.5347,20.5,48,1,4.0,MN,1638701794
543,Komatsu,36.4026,136.4509,40.24,75,20,2.3,JP,1638701794
544,Ulefoss,59.2838,9.2646,26.13,84,59,4.45,NO,1638701794
